ID,Location,Notes,Reviewer
ADA20,-,No control,JP
ADE14,Mexico,,JP
ADE14,Mexico,,JP
ADE14,Mexico,,JP
ADE14,Mexico,,JP
ADE14,Mexico,,JP
ADE14,Mexico,,JP
,-,Not appropriate control,JP
,-,Off topic,JP
,-,No control,JP
,-,Not a manipulative experiment,JP
AlM21,Brazil,,JP
AlM21,Brazil,,JP
AlM21,Brazil,,JP
AlM21,Brazil,,JP
AlM21,Brazil,,JP
,-,Review; good for refrences,JP
,-,No control,JP
,-,No control,JP
,-,No control,JP
,-,No control,JP
,-,No control,JP
,-,No control,JP
,-,No control,JP
,-,No control,JP
,-,No control,JP
ALO20,Cuba,,JP
,-,No control,JP
AlO20,Chile,,JP
AlO15,Cuba,No control,JP
ALO11,Cuba,,JP
ALO19,Cuba,,JP
ALV19,Mexico,,JP
,-,"Commentary, no data",JP
AlV21,Colombia,,JP
AME19,Mexico,,JP
AME16,Mexico,,JP
,-,No control,JP
AND01,Brazil,,JP
,-,No control,JP
AND99,Brazil,,JP
AND02,Brazil,,JP
AND08,Costa Rica,,JP
AND08_1,Costa Rica,,JP
,-,No control,JP
AND19,Colombia,,JP
ANG15,Colombia,,JP
ANR16,Argentina,,JP
ANR18,Argentina,,JP
ANT18,Brazil,,JP
ANT12,Brazil,,JP
,-,No control,JP
,-,No control,JP
,-,No control,JP
,-,No control,JP
ARA17,Brazil,,JP
ARE13,Mexico,,JP
,-,No control,JP
,-,No control,JP
,-,No control,JP
,-,No control,JP
,-,No control,JP
,-,Off topic,JP
ARY19,Mexico,,JP
,-,Off topic,JP
,-,Off topic,JP
ATE19,Colombia,,JP
AUA15,Brazil,,JP
,-,No control,JP
,-,No control,JP
,-,No control,JP
AVI19,Mexico,,JP
,Argentina,,JP
AYN20,Colombia,,JP
AZA13,Brazil,,JP
,-,No control,JP
BAC11,Mexico,,JP
BAC11,Mexico,,JP
BAC11,Mexico,,JP
BAC11,Mexico,,JP
BAH16,Argentina,,JP
BAH16,Argentina,,JP
BAH16,Argentina,,JP
BAH16,Argentina,,JP
BAH16,Argentina,,JP
BAH16,Argentina,,JP
BAH16,Argentina,,JP
BAH16,Argentina,,JP
BAH16,Argentina,,JP
BAH16,Argentina,,JP
BAH16,Argentina,,JP
BAH16,Argentina,,JP
BAH16,Argentina,,JP
BAH16,Argentina,,JP
BAH16,Argentina,,JP
BAH16,Argentina,,JP
BAH16,Argentina,,JP
BAH16,Argentina,,JP
BAH16,Argentina,,JP
BAH16,Argentina,,JP
BAH16,Argentina,,JP
BAH18,Argentina,,JP
BAH18_1,Argentina,,JP
,-,No control,JP
BAH12,Argentina,,JP
BAH13,Argentina,,JP
BAH12_1,Argentina,,JP
BAH14,Argentina,,JP
,-,No control,JP
,-,No control,JP
,-,Off topic,JP
BAH12_2,Argentina,,JP
,-,Not in neotropics,JP
BAL20,Argentina,,JP
BAL18,Argentina,,JP
,Argentina,,JP
,-,Off topic,JP
,-,Not in neotropics,JP
BAL13,Brazil,,JP
BAL12,Brazil,,JP
BALL19,Colombia,,JP
BAL97,Chile,,JP
BAN19,Argentina,,JP
,-,No control,JP
,-,Off topic,JP
BAR17,Colombia,,JP
BAR19,Colombia,,JP
BAR19_1,Colombia,,JP
,-,Off topic,JP
BAR_15,Colombia,,JP
BAR08,Brazil,,JP
BAR14,Brazil,,JP
BAR12,Brazil,,JP
BAR08,Brazil,,JP
BAR03,Brazil,,JP
BAR21,Brazil,,JP
BAR18,Brazil,,JP
,-,No control,JP
,-,Off topic,JP
,-,Off topic,JP
BAT18,Brazil,,JP
,-,Off topic,JP
,-,Off topic,JP
,-,Off topic,JP
BEL20,Brazil,,JP
BEN19,Ecuador,,JP
,-,Off topic,JP
,-,No control,JP
BER19,Review (good for data?),,JP
,-,Off topic,JP
,-,Off topic,JP
,-,Off topic,JP
BHA21,Review (good for data?),,JP
BIE20,Brazil,,JP
,-,Off topic,JP
,-,Off topic,JP
,-,Off topic,JP
,-,Off topic,JP
,-,No control,JP
,-,Off topic,JP
,-,Off topic,JP
BOS20,Brazil,,JP
BOS20_1,Brazil,,JP
,-,Off topic,JP
,-,Off topic,JP
,-,No control,JP
BOT15,Mexico,,JP
BOT18,Mexico,,JP
BOT16,Mexico,,JP
BOZ21,Brazil,,JP
,-,Off topic,JP
BRE20,Brazil,,JP
,-,Off topic,JP
,-,Off topic,JP
,-,Off topic,JP
,-,No control,JP
,-,Off topic,JP
BRO17,Review (good for data?),,JP
BRO13,Review (good for data?),,JP
,Review (good for references),,JP
,-,Off topic,JP
,-,Off topic,JP
,-,No control,JP
BUG10,Mexico,,JP
BUG09,Mexico,,JP
BUI18,Brazil,,JP
,-,Off topic,JP
,-,Off topic,JP
,-,Off topic,JP
CAB11,Argentina,,JP
CAB17,Argentina,,JP
CAB17,Brazil,,JP
,-,Off topic,JP
,-,Off topic,JP
,-,Off topic,JP
CAI17,Cuba,,JP
,-,Off topic,JP
,-,off topic,JP
,-,Off topic,JP
,-,Off topic,JP
,-,Off topic,JP
,-,Off topic,JP
,-,Off topic,JP
,-,Off topic,JP
,-,,JP
,-,Off topic,JP
CAM15,Costa Rica,,JP
,-,Off topic,JP
,-,Off topic,JP
,-,Off topic,JP
,-,,JP
,-,Off topic,JP
,-,Off topic,JP
CAR19,Nicaragua,,JP
,-,Off topic,JP
,-,Off topic,JP
CAR08,Cuba,,JP
,-,Not in neotropics,JP
,-,Off topic,JP
,Review,,JP
,-,No control,JP
CAR17,Colombia,,JP
,-,No control,JP
CAR21,Mexico,,JP
CAR20,Brazil,,JP
,-,Off topic,JP
,-,Off topic,JP
,-,Off topic,JP
,-,Off topic,JP
,-,Off topic,JP
CAR21,Colombia,,JP
,-,Off topic,JP
,-,No control,JP
CAS14,Nicaragua,,JP
,-,No control,JP
,-,No control,JP
,-,,JP
CAS16,Argentina,No control,JP
,-,Off topic,JP
,-,Off topic,JP
CAS08,Argentina,,JP
CAS18,Colombia,,JP
,-,Not in neotropics,JP
CAS21,Review,,JP
,-,Off topic,JP
CAS09,Brazil,,JP
,-,Off topic,JP
,-,Off topic,JP
CAV19,Argentina,,JP
,-,Off topic,JP
,-,Off topic,JP
CES18,Argentina,,JP
,-,No control,JP
CHA19,Colombia,,JP
CHA05,Colombia,,JP
CHA19_1,Colombia,,JP
,Review,,JP
,-,Off topic,JP
,-,Off topic,JP
CHA20,Cuba,,JP
,-,No control,JP
,-,No control,JP
,-,No control,JP
,-,Off topic,JP
,-,,JP
,-,,JP
,-,,JP
CLA05,Argentina,,JP
CLA19,Argentina,,JP
CLA10,Argentina,,JP
,-,Off topic,JP
,Review,,JP
,-,Off topic,JP
,-,Off topic,JP
COL18,Colombia,,JP
COL15,Colombia,,JP
,-,Off topic,JP
,-,Off topic,JP
,-,Not in neotropics,JP
,-,Off topic,JP
,-,Off topic,JP
,-,Off topic,JP
,-,Off topic,JP
COS15,Brazil,,JP
COS21,Brazil,,JP
COS16,Brazil,,JP
,-,Off topic,JP
,-,Not in neotropics,JP
,-,Off topic,JP
,-,Off topic,JP
,-,Off topic,JP
,-,Off topic,JP
CRE08,Cuba,,JP
CRU19,Colombia,,JP
,-,Off topic,JP
,-,Off topic,JP
CUA21,Colombia,,JP
,-,No control,JP
CUA15,Colombia,,JP
,Review,,JP
CUB16,Colombia,,JP
,-,Off topic,JP
,-,Off topic,JP
,-,Off topic,JP
DAF17,Brazil,,JP
DAR17,Brazil,,JP
DAS08,Brazil,,JP
,-,Off topic,JP
DAS20,Brazil,,JP
,-,No control,JP
DAS14,Brazil,,JP
DAS21,Brazil,,JP
DAS20,Brazil,,JP
DAS15,Brazil,,JP
DAS21,Review,,JP
DAD21,Brazil,,JP
,-,Off topic,JP
,-,Off topic,JP
,-,Off topic,JP
,-,No control,JP
DEA13,Brazil,,JP
DEA10,Brazil,,JP
,-,Off topic,JP
DEA02,Brazil,,JP
,-,Off topic,JP
DEA16,Brazil,,JP
DEA17,Brazil,,JP
DEA18,Brazil,,JP
DEA20,Brazil,,JP
DEB21,Argentina,,JP
DEC_19,Brazil,,JP
DEC_20,Brazil,,JP
DEC_17,Brazil,,JP
,-,No control,JP
DEF15,Mexico,,JP
DEF20,Brazil,,JP
DEL14,Review,,JP
DEL20,Mexico,,JP
,-,Off topic,JP
DEM14,Brazil,,JP
DEM17,Brazil,,JP
DEM17_1,Brazil,,JP
DEM_14,Brazil,,JP
,-,Not in neotropics,JP
,-,Not in neotropics,JP
DEM11,Brazil,,JP
DEO21,Brazil,,JP
DEO20,Brazil,,JP
DE022,Brazil,,JP
,-,,JP
DEO22_1,Brazil,,JP
DES17,Brazil,,JP
,-,Off topic,JP
,-,Off topic,JP
,-,Off topic,JP
DES21,Brazil,,JP
,-,Off topic,JP
,-,Off topic,JP
,-,Off topic,JP
,-,,JP
,-,Off topic,JP
DEL20,Peru,,JP
DEL21,Peru,,JP
,-,Off topic,JP
DEN19,Brazil,,JP
DEN20,Brazil,,JP
,-,Off topic,JP
,-,Off topic,JP
DIG18,Argentina,,JP
DIA19,Ecuador,,JP
,-,Off topic,JP
,-,Off topic,JP
,-,No control,JP
,-,No control,JP
,-,Off topic,JP
,-,Off topic,JP
,-,Off topic,JP
,-,Off topic,JP
,-,Off topic,JP
,- ,Off topic,JP
DON19,Brazil,,JP
DOS13,Brazil,,JP
DOM18,Brazil,,JP
DOM20,Brazil,,JP
DOS17,-,Off topic,JP
DOS20,Brazil,,JP
,-,Off topic,JP
,-,Off topic,JP
,-,,JP
DUB12,Chile,,JP
,-,Off topic,JP
DUB13,Chile,,JP
DUB16,Chile,,JP
DUB11,Chile,,JP
DUB14,Brazil,,JP
,-,Off topic,JP
,-,Off topic,JP
DUL04,French-Anitlles,,JP
DUR20,Colombia,,JP
,-,Off topic,JP
,-,Not in neotropics,JP
,-,Off topic,JP
,-,Off topic,JP
,-,Off topic,JP
,-,Off topic,JP
,-,Off topic,JP
,-,Off topic,JP
ESC20,Peru,,JP
ESC20,Colombia,,JP
,-,No control,JP
,-,Off topic,JP
,-,Off topic,JP
ESP12,Mexico,,JP
,-,Off topic,JP
,-,Off topic,JP
EST10,Argentina,,JP
,-,Off topic,JP
,-,Off topic,JP
FAR16,Brazil,,JP
FED19,Uruguay,,JP
,-,Off topic,JP
,-,Off topic,JP
,Review,Good for further references,JP
FER13,Mexico,,JP
,-,Not in neotrpics,JP
FER02,Argentina,,JP
,-,Off topic,JP
,-,,JP
FER04,Argentina,,JP
,-,Off topic,JP
,-,,JP
FER10,Brazil,,JP
FER11,Brazil,,JP
,-,Off topic,JP
,-,No control,JP
,-,Off topic,JP
FIA21,Brazil,,JP
,-,Off topic,JP
FIA18,Argentina,,JP
,-,Off topic,JP
,-,Off topic,JP
FIG20,Mexico,,JP
,-,Off topic,JP
FLO18,Argentina,,JP
,-,Off topic,JP
,-,Off topic,JP
,-,Off topic,JP
,-,Off topic,JP
,-,Off topic,JP
,-,Not in neotropics,JP
,-,Not in neotropics,JP
,-,No control,JP
,-,No control,JP
,-,Not in neotropics,JP
,-,Not in neotropics,JP
,-,Off topic,JP
,-,Off topic,JP
,-,Off topic,JP
,-,Off topic,JP
FRE12,Argentina,,JP
,-,Off topic,JP
,-,Not in neotropics,JP
,-,No control,JP
,-,No control,JP
,-,Off topic,JP
GAL20,Cuba,,JP
,-,Off topic,JP
GAL21,Cuba,,JP
GAM18,Paraguay,,JP
,-,Off topic,JP
,-,,JP
GAR10,-,No control,JP
,-,No control,JP
,-,No control,JP
GAR14,Cuba,,JP
,-,Off topic,JP
,-,Off topic,JP
GAR19,Argentina,,JP
GAR14,Argentina,,JP
,-,Off topic,JP
,-,Off topic,JP
,-,No control,JP
,-,No control,JP
GAV20,Colombia,,JP
,-,No control,JP
GIR11,Colombia,,JP
GIR19,Brazil,,JP
,-,No control,JP
GOB10,Brazil,,JP
GOB09,Brazil,,JP
,-,Off topic,JP
GOM21,Brazil,,JP
,-,Off topic,JP
,-,Off topic,JP
GOM20,Brazil,,JP
GOM20_1,Brazil,,JP
,-,No control,JP
,-,Off topic,JP
,-,Off topic,JP
GOM19,Argentina,,JP
,-,No control,JP
,-,Off topic,JP
,-,No control,JP
GOM19_1,Argentina,,JP
GOM20,Argentina,,JP
GON21,Ecuador,,JP
,-,No control,JP
,-,Off topic,JP
,-,Off topic,JP
GON08,Cuba,,JP
GON19,Argentina,,JP
,-,No control,JP
,-,No control,JP
,-,Off topic,JP
,-,Off topic,JP
,-,Off topic,JP
,-,Not in neotropics,JP
,-,Off topic,JP
,-,Off topic,JP
GRE97,Mexico,,JP
,-,No control,JP
,-,Off topic,JP
,-,Off topic,JP
GUE21,Argentina,,JP
GUE19,Argentina,,JP
,-,Off topic,JP
,-,No control,JP
,-,Not in neotropics,JP
GUS20,Brazil,,JP
GUT20,Nicaragua,,JP
,-,No control,JP
,-,No control,JP
,-,Off topic,JP
,-,Off topic,JP
,-,Off topic,JP
,-,Off topic,JP
,-,Off topic,JP
,-,Off topic,JP
,-,Off topic,JP
,-,Off topic,JP
,-,Off topic,JP
,-,Off topic,JP
,-,Off topic,JP
,-,Off topic,JP
,-,No control,JP
,-,No control,JP
HER19_1,Colombia,,JP
HER20_1,Cuba,,JP
,-,Off topic,JP
,-,Not in neotropics,JP
HER19_2,Cuba,,JP
HER20_2,Brazil,,JP
,-,No control,JP
,-,Off topic,JP
,-,Off topic,JP
,-,Off topic,JP
,-,Off topic,JP
,-,Off topic,JP
,-,Off topic,JP
HUE21,Uruguay,,JP
,-,Off topic,JP
IBR00,Costa rica,,JP
,-,Off topic,JP
,-,Off topic,JP
IGN19,Chile,,JP
,-,Off topic,JP
,-,Off topic,JP
,-,Off topic,JP
,-,Off topic,JP
,-,Off topic,JP
,-,Off topic,JP
,-,Off topic,JP
,-,Off topic,JP
,-,Off topic,JP
,-,Off topic,JP
,-,,JP
,-,Off topic,JP
,-,Off topic,JP
,-,Off topic,JP
,-,Off topic,JP
JOE13,Brazil,,JP
JOE17,Brazil,,JP
,-,Off topic,JP
,-,Off topic,JP
,Review,Review,JP
,Review,Review,JP
,-,Off topic,JP
14-Jun,Brazil,,JP
,-,Off topic,JP
,-,Could not have access (JP either),JP
,-,Off topic,JP
,-,Off topic,JP
,-,No control,JP
KIR10,Brazil,,JP
,-,Not in neotropics,JP
,-,Off topic,JP
,-,Not in neotropics,JP
,Review,Review,JP
,-,Off topic,JP
,-,Book,AC
,-,Off topic,AC
,-,Not in neotropics,AC
,-,Off topic,AC
,Review,Review,AC
,-,Off topic,AC
,-,No control,AC
LAN16,Brazil,,AC
,-,Off topic,AC
,-,Off topic,AC
,-,Off topic,AC
,-,No control,AC
,-,Off topic,AC
,-,Not in neotropics,AC
LEA21,Colombia,,AC
,-,Off topic,AC
,-,Off topic,AC
LEL18,Brazil,,AC
LEM21,Brazil,,AC
LEM16,Brazil,,AC
,-,Not in neotropics,AC
,-,Off topic,AC
,Review,Review,AC
LEZ20,Paraguay,,AC
,-,Off topic,AC
,-,Off topic,AC
,-,Not in neotropics,AC
LIM18,Brazil,,AC
LIM20,Brazil,,AC
,-,Off topic,AC
LIM21,Brazil,,AC
LIM19_1,Brazil,,AC
LIM19_2,Brazil,,AC
,-,Off topic,AC
LIR20_1,Brazil,,AC
LIR20_2,Brazil,,AC
,-,Off topic,AC
LIT20,Panama,,AC
,-,Off topic,AC
,-,Off topic,AC
,-,Off topic,AC
,Cuba,Could not have access. Probably worth,AC
,-,,AC
,-,Off topic,AC
,-,Off topic,AC
LOK08,Cuba,,AC
LOK13,Cuba,,AC
,-,Off topic,AC
,-,Off topic,AC
,-,Off topic,AC
,-,Off topic,AC
LOP20_1,Brazil,,AC
LOP20_2,Brazil,,AC
,-,Off topic,AC
LOP20_3,Brazil,,AC
,-,Off topic,AC
LOP20_4,Colombia,,AC
,-,Off topic,AC
,-,Off topic,AC
,-,Off topic,AC
,-,Off topic,AC
,-,Off topic,AC
,-,Off topic,AC
,-,Off topic,AC
,-,Off topic,AC
,-,Not in neotropics,AC
,-,Off topic,AC
,-,Off topic,AC
,-,Off topic,AC
LOP19_1,Mexico,,AC
LOP19_2,Cuba,,AC
,Review,Review,AC
,Review,Review,AC
LOS14,Brazil,,AC
,-,Off topic,AC
LOV09,Panama,,AC
,-,Off topic,AC
,-,Off topic,AC
,-,Off topic,AC
,-,Not in neotropics,AC
,Review,Review,AC
,-,Off topic,AC
,-,Off topic,AC
,-,Off topic,AC
MAC20,Brazil,,AC
,-,Off topic,AC
,-,Off topic,AC
,-,Off topic,AC
,-,Off topic,AC
MAH17,Colombia,,AC
MAI08,Brazil,,AC
MAI06,Brazil,,AC
MAI07,Brazil,,AC
,-,Off topic,AC
,-,Book for references,AC
,-,Off topic,AC
,-,Book chapter-for references,AC
,-,Off topic,AC
,-,Off topic,AC
MAN08,Brazil,,AC
,-,Off topic,AC
,-,Off topic,AC
MAN15,Chile,,AC
15-Mar,Argentina ,,AC
,-,Off topic,AC
,-,Off topic,AC
,-,Off topic,AC
,-,Off topic,AC
,-,Off topic,AC
17-Mar,Brazil,,AC
,-,Off topic,AC
,-,Off topic,AC
,-,Off topic,AC
,-,Off topic,AC
,-,Off topic,AC
14-Mar,Colombia,,AC
20-Mar,Colombia,,AC
13-Mar,Colombia,,AC
,-,Off topic,AC
,Review,Review,AC
,-,Congress abstract,AC
,-,No control,AC
,Review,Review,AC
17-Mar,Brazil,,AC
,-,Off topic,AC
21-Mar,Brazil,,AC
,-,Off topic,AC
,-,Off topic,AC
,-,Off topic,AC
MAS14,Argentina,,AC
MAS12,Argentina,,AC
,-,Off topic,AC
,-,Not in neotropics,AC
,-,Off topic,AC
,Review,Review,AC
,-,No control,AC
,-,No control,AC
,-,No control,AC
,-,Not in neotropics,AC
,Review,Review,AC
,-,Off topic,AC
MCD14,Colombia,,AC
,-,No control,AC
,Review,Review,AC
,-,Not in neotropics,AC
,-,Off topic,AC
,-,Off topic,AC
,-,Off topic,AC
,-,Off topic,AC
,-,Off topic,AC
,-,Off topic,AC
,-,Off topic,AC
,-,Off topic,AC
MED13,Mexico,,AC
,-,Off topic,AC
MEJ17,Colombia,,AC
,Review,Review,AC
MEN13,Mexico,,AC
,-,Off topic,AC
,-,Off topic,AC
MEN14,Cuba,,AC
MEN99,Brazil,,AC
MEN02,Brazil,,AC
,-,Off topic,AC
,-,Off topic,AC
,-,Off topic,AC
,-,Off topic,AC
,-,Off topic,AC
MIL10,Honduras,,AC
,-,No control,AC
,-,Off topic,AC
MIR08, Cuba,,AC
,Review,Review,AC
MIR07,Cuba,,AC
,-,Not in neotropics,AC
MOH16,Mexico,,AC
MOL16,Colombia,,AC
MOL15,Colombia,,AC
,-,Off topic,AC
,-,Off topic,AC
,-,Off topic,AC
,-,Off topic,AC
MON19_1,Mexico,,AC
MON19_2,Mexico,,AC
,-,Off topic,AC
,Review,Review,AC
,-,Book- for references,AC
,-,No control,AC
,-,Book chapter- for references,AC
,-,No control,AC
MON15,Colombia,,AC
,-,Off topic,AC
MON21,Brazil,,AC
MON16,Colombia,,AC
,-,Off topic,AC
,-,No control,AC
MOR21,Mexico,,AC
,-,No control,AC
,Review,Review,AC
MOR09,Brazil,,AC
,-,Off topic,AC
,-,Off topic,AC
,-,Off topic,AC
,-,Off topic,AC
,Review,Review,AC
,-,Off topic,AC
,-,Off topic,AC
,-,Off topic,AC
,-,Off topic,AC
,Review,Review,AC
,Review,Review,AC
,Review,Review,AC
,-,Off topic,AC
,-,For references,AC
,-,Off topic,AC
,-,Off topic,AC
,-,Off topic,AC
,-,Off topic,AC
,-,Off topic,AC
,-,Off topic,AC
,-,No control,AC
,-,Review,AC
,-,Off topic,AC
,-,Book- for references,AC
,-,Not in neotropics,AC
,-,Off topic,AC
,-,No control,AC
,-,Off topic,AC
,Review,Review,AC
NAS21,Brazil,,AC
,-,Not in neotropics,AC
,-,Off topic,AC
,-,Off topic,AC
NIC18,Brazil,,AC
,-,No control,AC
NIC15,Brazil,,AC
,-,No control,AC
,-,Off topic,AC
,-,Off topic,AC
,-,Off topic,AC
,-,Off topic,AC
NOR11,Argentina,,AC
,-,Off topic,AC
NUÑ21,Colombia,,AC
,-,Off topic,AC
,-,Off topic,AC
,-,Off topic,AC
,-,Off topic,AC
OBI08,Venezuela,,AC
OCH17,Colombia,,AC
,-,Off topic,AC
,-,Off topic,AC
,-,Off topic,AC
,-,Off topic,AC
,-,Off topic,AC
,-,Not in neotropics,AC
,-,Off topic,AC
OLA21,Colombia,,AC
,-,Off topic,AC
,-,No control,AC
,-,No control,AC
,-,Off topic,AC
OLI18,Peru,,AC
,-,Off topic,AC
,-,No control,AC
,-,No control,AC
,-,Off topic,AC
,-,No control,AC
OLI17,Brazil,,AC
OLI21,Brazil,,AC
,Review,Review,AC
ORM18,Argentina,,AC
,-,Off topic,AC
ORT20,Mexico,,AC
,-,Off topic,AC
,-,Off topic,AC
,-,Off topic,AC
,-,Off topic,AC
,-,Off topic,AC
,-,Off topic,AC
,-,Off topic,AC
,-,Off topic,AC
,-,Off topic,AC
,-,Off topic,AC
PAC21_1,Brazil,,AC
PAC08,Brazil,,AC
PAC07,Brazil,,AC
PAC11,Brazil ,,AC
,-,No control,AC
PAC21_2,Brazil,,AC
,-  ,Off topic,AC
,-,Off topic,AC
PAC09,Brazil,,AC
PAC14,Brazil,,AC
PAC07,Brazil,,AC
,-,Off topic,AC
,-,Off topic,AC
,-,Off topic,AC
,-,Off topic,AC
,-,Off topic,AC
,-,Off topic,AC
PAI20,Brasil,,AC
,-,Off topic,AC
,-,Off topic,AC
,-,Not in neotropics,AC
,-,Off topic,AC
,-,Off topic,AC
,-,Not control,AC
,-,Off topic,AC
,-,Off topic,AC
PAR19_1,Colombia,,AC
PAR19_2,Colombia,,AC
,-,Off topic,AC
,-,Not in neotropics,AC
,-,Off topic,AC
PAU13,Brazil,,AC
,-,Off topic,AC
,-,Off topic,AC
,-,Off topic,AC
,-,No control,AC
,-,No control,AC
PER21_1,Brazil,,AC
PER21_2,Brazil,,AC
,-,Off topic,AC
,-,Off topic,AC
PER08,Mexico,,AC
,-,No control,AC
PER21_3,Mexico,,AC
,-,Book- Could not have access,AC
,-,No control,AC
PER15,Argentina,,AC
,Review,Review,AC
,-,Off topic,AC
,-,Off topic,AC
,-,Off topic,AC
,-,Not in neotropics,AC
,-,Off topic,AC
,-,Off topic,AC
,-,Off topic,AC
,-,Not in neotropics,AC
,Review,Review,AC
,Review,Review,AC
,-,Book chapter- good for references,AC
,Review,Review,AC
,-,Off topic,AC
,-,Off topic,AC
,-,No control,AC
PEZ15,Brazil,,AC
,-,No control,AC
,-,Off topic,AC
,-,Off topic,AC
,-,Off topic,AC
,-,Off topic,AC
PIL15,Brazil,,AC
,-,Off topic,AC
PIN15,Colombia,,AC
,Review,Review,AC
PIN21,Brazil,,AC
,-,No control,AC
PIN14,Mexico,,AC
,-,Off topic,AC
,-,Off topic,AC
PIT20,Brazil,,AC
,-,Off topic,AC
,-,No control,AC
PLE19,Argentina,,AC
,Review,Review for references,AC
POL21,Colombia,,AC
,-,Off topic,AC
,-,Off topic,AC
                     ,-,No control,AC
PRA16,Brazil,,AC
,-,Off topic,AC
PRI17,Colombia,,AC
,-,Off topic,AC
,-,Off topic,AC
,-,Off topic,AC
,-,Off topic,AC
,-,Off topic,AC
,Review,Review,AC
,-,Off topic,AC
,-,Off topic,AC
,-,Off topic,AC
,-,Off topic,AC
,-,Good for references,AC
,-,Good for references,AC
,-,Off topic,AC
,Review,Did not find the text,AC
,-,Not in neotropics,AC
,-,Off topic,AC
,-,Off topic,AC
RAM12_1,Chile,,AC
RAM12_2,Colombia,,AC
RAM03,Colombia,,AC
RAM19,Mexico,,AC
RAM18,Cuba,,AC
RAQ18,Brazil,,AC
RAQ16,Colombia,,AC
RAQ15,Colombia,,AC
,-,Off topic,AC
REB21,Mexico,,AC
,-,Off topic,AC
,-,Off topic,AC
REI10,Brazil,,AC
REI21,Brazil,,AC
REI20,Panama,,AC
,-,Off topic,AC
,-,Off topic,AC
,-,Off topic,AC
RES20,Brazil,,AC
,-,Off topic,AC
,-,Off topic,AC
,-,Off topic,AC
,-,Off topic,AC
,-,Off topic,AC
,-,congress abstract-could not have access,AC
RIE14,Panama,,AC
RIE13,Panama,,AC
,-,No control,AC
,-,Off topic,AC
RIO08,Costa Rica,,AC
,-,,AC
RIV19,Colombia,,AC
,-,Off topic,AC
RIV15,Colombia,,AC
,-,Off topic,AC
,-,Off topic,AC
RIV13,Colombia,,AC
,-,Off topic,AC
,-,Off topic,AC
,-,No control,AC
,-,Off topic,AC
,Brazil,,AC
ROD15,Brazil,,AC
ROD16,Brazil,,AC
,-,No control,AC
,-,Off topic,AC
ROD18,Brazil,,AC
,-,No control,AC
,-,No control,AC
ROD08,Venezuela,,AC
,-,Off topic,AC
,-,Off topic,AC
,-,Off topic,AC
,-,Off topic,AC
,-,Off topic,AC
,-,Off topic,AC
,-,Off topic,AC
,-,Off topic,AC
,-,Off topic,AC
,-,Off topic,AC
,-,Off topic,AC
,-,Opinion,AC
,-,Off topic,AC
,-,Off topic,AC
,-,No control,AC
ROS19,Argentina,,AC
ROS18,Ecuador,,AC
,-,No control,AC
,-,Off topic,AC
,-,No control,AC
ROU13,Nicaragua,,AC
,-,Off topic,AC
,Review,Review,AC
,-,No control,AC
RUI14,Mexico,,AC
,-,No control,AC
,-,No control,AC
,-,No control,AC
,-,No control,AC
,-,Off topic,AC
RUS14,Nicaragua,,AC
,-,Off topic,AC
,-,Off topic,AC
,-,Opinion,AC
,-,Off topic,AC
,-,Not in neotropics,AC
SAN13,Brazil,,AC
,-,Off topic,AC
,-,Off topic,AC
,Review,Review,AC
,Review,Review,AC
,-,Off topic,AC
SAN11,Colombia,,AC
SAN05,Nicaragua,,AC
,-,Off topic,AC
,-,Off topic,AC
,-,Off topic,AC
SAN07,Cuba,,AC
,Review,Review,AC
SAN11,Cuba,,AC
,-,No control,AC
,-,No control,AC
,-,No control,AC
,-,Off topic,AC
,-,No control,AC
,-,Off topic,AC
SAN10,Chile,,AC
,-,Off topic,AC
,-,Off topic,AC
,-,Off topic,AC
,-,Off topic,AC
,Review,Review,AC
,-,Off topic,AC
,-,Off topic,AC
,-,Off topic,AC
SAN18,Brazil,,AC
SAN16_1,Brazil,,AC
SAN16_2,Brazil,,AC
,-,Off topic,AC
,-,Book Chapter,AC
SAR20,Mexico,,AC
,-,Off topic,AC
,-,Off topic,AC
SAR20,Brazil ,,AC
SAU20,Peru,,AC
,-,Book Chapter,AC
,- ,No control,AC
,-,No control,AC
,-,Off Topic,AC
,-,No control,AC
,-,Off Topic,AC
,-,Meta-analysis,AC
,-,Not in neotropics,AC
SIE02,Antilles,,AC
,-,No control,AC
SIE05,Antilles,,AC
,-,Off topic,AC
SIL16,Argentina,,AC
SIL15,Argentina,,AC
SIL19,Argentina,,AC
SIL09,Brazil,,AC
,-,No control,AC
,-,Off topic,AC
,-,Off topic,AC
SIL10,Brazil,,AC
SIL15,Brazil,,AC
,-,Off topic,AC
,-,Off topic,AC
,-,Off topic,AC
,-,No control,AC
,Review,Review,AC
,-,No control,AC
,-,Off topic,AC
,-,Not in neotropics,AC
,-,No control,AC
,-,No control,AC
,-,No control,AC
,-,No control,AC
,-,No control,AC
,-,Not in neotropics,AC
SKO21,Brazil,,AC
,-,Not in neotropics,AC
,Review,Review,AC
,-,Off topic,AC
SOA03,Brazil,,AC
,-,Off topic,AC
,-,No control,AC
SOC18,Cuba,,AC
,-,Off topic,AC
SOL18,Argentina,,AC
,-,Off topic,AC
SOL13,Argetnina,,AC
,-,Off topic,AC
,-,Off topic,AC
,-,No control,AC
SOS19,Colombia,,AC
,-,Book Chapter-Review,AC
SOT10,Mexico,,AC
,-,Off topic,AC
SOU11,Brazil,,AC
SOU07,Brazil,,AC
SOU10,Brazil,,AC
SOU15,Brazil,,AC
,-,Off topic,AC
,Review,Review,AC
,-,Off topic,AC
,-,Not in neotropics,AC
,-,Not in neotropics,AC
,-,Book,AC
,-,Off topic,AC
,-,Off topic,AC
,-,Off topic,AC
,-,Off topic,AC
,-,Off topic,AC
TAR18,Colombia,,AC
,-,Off topic,AC
,-,could not have access to the full text. Off topic from abstract,AC
,-,Off topic,AC
,-,Off topic,AC
,-,Off topic,AC
,-,No control,AC
,-,Off topic,AC
TON19,Brazil,,AC
TON11,Brazil,,AC
TON17,Brazil,,AC
,-,Off topic,AC
,-,Off topic,AC
,-,No control,AC
,-,Off topic,AC
,Review,Review,AC
TOR11,Mexico,,AC
TOR09,Brazil,,AC
,-,No control,AC
TRE21,Mexico,,AC
,-,Off topic,AC
,-,Off topic,AC
,-,Off topic,AC
,-,Off topic,AC
UGU14,Argentina,,AC
,- ,Off topic,AC
,- ,No control,AC
,- ,Not in neotropics,AC
,- ,Off topic,AC
,- ,Off topic,AC
,- ,Off topic,AC
,- ,Off topic,AC
,- ,Off topic,AC
,- ,Off topic,AC
,- ,No control,AC
VAL12,Colombia,,AC
VAL10,Colombia,,AC
,- ,Off topic,AC
,- ,Off topic,AC
VAN20,Brazil,,AC
VAN17,Brazil,,AC
,- ,Off topic,AC
,- ,Off topic,AC
,- ,Off topic,AC
,- ,Off topic,AC
,- ,Off topic,AC
,- ,Off topic,AC
,- ,Review (book chapter),AC
,- ,Off topic,AC
,- ,Off topic,AC
,- ,Off topic,AC
,- ,Off topic,AC
VAS20,Peru,,AC
VAS21,Peru,,AC
,- ,Off topic,AC
VAZ20,Colombia,,AC
VAZ98,Argentina,could not have access to the full text,AC
VEG13,Cuba,,AC
,- ,No control,AC
VEG16,Cuba,,AC
,- ,Of topic,AC
VEL19,Colombia,,AC
,- ,No control,AC
,Review,Review (Campos et al 2011 within),AC
VER10,Brazil,,AC
VER17,Colombia,,AC
VER21,Brazil,,AC
,- ,Off topic,AC
,- ,Off topic,AC
,- ,Off topic,AC
VIE20,Brazil,,AC
VIE21,Brazil,,AC
,- ,Off topic,AC
VIE19,Brazil,,AC
,- ,Off topic,AC
,- ,Book,AC
VIL16_1,Mexico,,AC
VIL14_1,Mexico,,AC
VIL15,Mexico,,AC
VIL16_2,Mexico,,AC
VIL14_2,Mexico,,AC
,- ,No control,AC
,- ,Off topic,AC
,- ,Off topic,AC
,- ,Off topic,AC
VIL15,Cuba,,AC
,- ,Off topic,AC
VIR20,Argentina,,AC
,- ,Not in neotropics,AC
WAT16,Brazil,,AC
WEB19,Nicaragua,,AC
,- ,Off topic,AC
WIC08,Brazil,,AC
WIC00,Brazil,,AC
,- ,Off topic,AC
,- ,Off topic,AC
,- ,Off topic,AC
XAV14,Brazil,,AC
,- ,Not in neotropics,AC
,- ,Not in neotropics,AC
YAM07,Nicaragua,,AC
,Review,,AC
,- ,Off topic,AC
ZAM21,Brasil,,AC
,- ,Off topic,AC
,- ,Off topic,AC
,- ,Book,AC
